{"AMZN": 2.2382129036639165, "BABA": 4.668387555451221, "BIDU": 4.660506935849346, "FB": 3.39384748327472, "GOOGL": 2.765058886845009, "JD": 4.898392206882425, "MSFT": 2.8074893055525147, "NVDA": 4.3597173067669415, "TSLA": 4.650233651551478, "WB": 4.888817406856417}