{"AMZN": 1.4291950928610706, "BABA": 1.512420174606472, "BIDU": 1.7398856739124775, "FB": 1.1518073480845625, "GOOGL": 1.251552060257047, "JD": 1.7904306018938778, "MSFT": 1.249904955335022, "NVDA": 2.0942776512821726, "TSLA": 2.696502852800381, "WB": 2.3684893635451596}