{"AMZN": {"layer1": [[0.03811418884562719, 0.03811418884562719, 0.03811418884562719, 0.03811418884562719, 0.03811418884562719], [0.0019377527725103528, 0.0019377527725103528, 0.0019377527725103528, 0.0019377527725103528, 0.0019377527725103528], [-0.046391784843824516, -0.046391784843824516, -0.046391784843824516, -0.046391784843824516, -0.046391784843824516], [0.033370853714242414, 0.033370853714242414, 0.033370853714242414, 0.033370853714242414, 0.033370853714242414], [0.09798404613759812, 0.09798404613759812, 0.09798404613759812, 0.09798404613759812, 0.09798404613759812], [0.11569153773984554, 0.11569153773984554, 0.11569153773984554, 0.11569153773984554, 0.11569153773984554], [0.1800656146428682, 0.1800656146428682, 0.1800656146428682, 0.1800656146428682, 0.1800656146428682], [0.19348631100960034, 0.19348631100960034, 0.19348631100960034, 0.19348631100960034, 0.19348631100960034], [0.17084495434298244, 0.17084495434298244, 0.17084495434298244, 0.17084495434298244, 0.17084495434298244], [0.168725566980408, 0.168725566980408, 0.168725566980408, 0.168725566980408, 0.168725566980408], [0.10006369442936004, 0.10006369442936004, 0.10006369442936004, 0.10006369442936004, 0.10006369442936004]], "layer2": [[0.20982624538696754], [0.20982624538696754], [0.20982624538696754], [0.20982624538696754], [0.20982624538696754]]}, "BABA": {"layer1": [[0.10948974222270869, 0.10948974222270869, 0.10948974222270869, 0.10948974222270869, 0.10948974222270869], [0.10833970543039524, 0.10833970543039524, 0.10833970543039524, 0.10833970543039524, 0.10833970543039524], [0.10712499118229306, 0.10712499118229306, 0.10712499118229306, 0.10712499118229306, 0.10712499118229306], [0.10797792317054457, 0.10797792317054457, 0.10797792317054457, 0.10797792317054457, 0.10797792317054457], [0.10872673878023263, 0.10872673878023263, 0.10872673878023263, 0.10872673878023263, 0.10872673878023263], [0.10855495621990154, 0.10855495621990154, 0.10855495621990154, 0.10855495621990154, 0.10855495621990154], [0.11066652469582329, 0.11066652469582329, 0.11066652469582329, 0.11066652469582329, 0.11066652469582329], [0.11125206129451803, 0.11125206129451803, 0.11125206129451803, 0.11125206129451803, 0.11125206129451803], [0.11374518079281255, 0.11374518079281255, 0.11374518079281255, 0.11374518079281255, 0.11374518079281255], [0.11378650766230003, 0.11378650766230003, 0.11378650766230003, 0.11378650766230003, 0.11378650766230003], [0.10006286232802326, 0.10006286232802326, 0.10006286232802326, 0.10006286232802326, 0.10006286232802326]], "layer2": [[0.17596580737143425], [0.17596580737143425], [0.17596580737143425], [0.17596580737143425], [0.17596580737143425]]}, "BIDU": {"layer1": [[0.10204393120499043, 0.10204393120499043, 0.10204393120499043, 0.10204393120499043, 0.10204393120499043], [0.09731855043850973, 0.09731855043850973, 0.09731855043850973, 0.09731855043850973, 0.09731855043850973], [0.09766763050609319, 0.09766763050609319, 0.09766763050609319, 0.09766763050609319, 0.09766763050609319], [0.10273200718063338, 0.10273200718063338, 0.10273200718063338, 0.10273200718063338, 0.10273200718063338], [0.10706340418554265, 0.10706340418554265, 0.10706340418554265, 0.10706340418554265, 0.10706340418554265], [0.10917697340728248, 0.10917697340728248, 0.10917697340728248, 0.10917697340728248, 0.10917697340728248], [0.11622387555039608, 0.11622387555039608, 0.11622387555039608, 0.11622387555039608, 0.11622387555039608], [0.12010582659170842, 0.12010582659170842, 0.12010582659170842, 0.12010582659170842, 0.12010582659170842], [0.12269929708994592, 0.12269929708994592, 0.12269929708994592, 0.12269929708994592, 0.12269929708994592], [0.12330998146177595, 0.12330998146177595, 0.12330998146177595, 0.12330998146177595, 0.12330998146177595], [0.10006962536951063, 0.10006962536951063, 0.10006962536951063, 0.10006962536951063, 0.10006962536951063]], "layer2": [[0.17734949405223757], [0.17734949405223757], [0.17734949405223757], [0.17734949405223757], [0.17734949405223757]]}, "FB": {"layer1": [[0.11049058764906873, 0.11049058764906873, 0.11049058764906873, 0.11049058764906873, 0.11049058764906873], [0.10906147550450317, 0.10906147550450317, 0.10906147550450317, 0.10906147550450317, 0.10906147550450317], [0.10979541899405515, 0.10979541899405515, 0.10979541899405515, 0.10979541899405515, 0.10979541899405515], [0.10963735278079166, 0.10963735278079166, 0.10963735278079166, 0.10963735278079166, 0.10963735278079166], [0.10847483141180088, 0.10847483141180088, 0.10847483141180088, 0.10847483141180088, 0.10847483141180088], [0.10944555331399414, 0.10944555331399414, 0.10944555331399414, 0.10944555331399414, 0.10944555331399414], [0.10879521729424138, 0.10879521729424138, 0.10879521729424138, 0.10879521729424138, 0.10879521729424138], [0.11138685687095527, 0.11138685687095527, 0.11138685687095527, 0.11138685687095527, 0.11138685687095527], [0.11229984389694303, 0.11229984389694303, 0.11229984389694303, 0.11229984389694303, 0.11229984389694303], [0.11283682067739188, 0.11283682067739188, 0.11283682067739188, 0.11283682067739188, 0.11283682067739188], [0.10006814205537108, 0.10006814205537108, 0.10006814205537108, 0.10006814205537108, 0.10006814205537108]], "layer2": [[0.177499674943635], [0.177499674943635], [0.177499674943635], [0.177499674943635], [0.177499674943635]]}, "GOOGL": {"layer1": [[0.06290053184181059, 0.06290053184181059, 0.06290053184181059, 0.06290053184181059, 0.06290053184181059], [-0.011709442275064758, -0.011709442275064758, -0.011709442275064758, -0.011709442275064758, -0.011709442275064758], [0.03414467655832244, 0.03414467655832244, 0.03414467655832244, 0.03414467655832244, 0.03414467655832244], [0.040829472189756064, 0.040829472189756064, 0.040829472189756064, 0.040829472189756064, 0.040829472189756064], [0.02924823728662745, 0.02924823728662745, 0.02924823728662745, 0.02924823728662745, 0.02924823728662745], [0.015549252463808783, 0.015549252463808783, 0.015549252463808783, 0.015549252463808783, 0.015549252463808783], [0.05978442477306575, 0.05978442477306575, 0.05978442477306575, 0.05978442477306575, 0.05978442477306575], [0.16743161767068765, 0.16743161767068765, 0.16743161767068765, 0.16743161767068765, 0.16743161767068765], [0.24283496077722358, 0.24283496077722358, 0.24283496077722358, 0.24283496077722358, 0.24283496077722358], [0.24568661385682924, 0.24568661385682924, 0.24568661385682924, 0.24568661385682924, 0.24568661385682924], [0.10009246876590167, 0.10009246876590167, 0.10009246876590167, 0.10009246876590167, 0.10009246876590167]], "layer2": [[0.22180306888354048], [0.22180306888354048], [0.22180306888354048], [0.22180306888354048], [0.22180306888354048]]}, "JD": {"layer1": [[0.11026867453387745, 0.11026867453387745, 0.11026867453387745, 0.11026867453387745, 0.11026867453387745], [0.11003111022364234, 0.11003111022364234, 0.11003111022364234, 0.11003111022364234, 0.11003111022364234], [0.11020197103756967, 0.11020197103756967, 0.11020197103756967, 0.11020197103756967, 0.11020197103756967], [0.11010418532484202, 0.11010418532484202, 0.11010418532484202, 0.11010418532484202, 0.11010418532484202], [0.11015895254641504, 0.11015895254641504, 0.11015895254641504, 0.11015895254641504, 0.11015895254641504], [0.11038743110492327, 0.11038743110492327, 0.11038743110492327, 0.11038743110492327, 0.11038743110492327], [0.1102187577756255, 0.1102187577756255, 0.1102187577756255, 0.1102187577756255, 0.1102187577756255], [0.11006378175105828, 0.11006378175105828, 0.11006378175105828, 0.11006378175105828, 0.11006378175105828], [0.11012168598231756, 0.11012168598231756, 0.11012168598231756, 0.11012168598231756, 0.11012168598231756], [0.1102322765962296, 0.1102322765962296, 0.1102322765962296, 0.1102322765962296, 0.1102322765962296], [0.10022761297898329, 0.10022761297898329, 0.10022761297898329, 0.10022761297898329, 0.10022761297898329]], "layer2": [[0.17731050683830502], [0.17731050683830502], [0.17731050683830502], [0.17731050683830502], [0.17731050683830502]]},